pullSeqNo,producedFrameNumber,pullAtNs,latencyNs
1,0,27557202049333,9026250
2,1,27557222262291,4281583
3,2,27557255522750,4804334
4,3,27557288894750,5041500
5,4,27557322382708,5321375
6,5,27557355622875,4156542
7,6,27557401636916,16639583
8,7,27557422178291,4721958
9,8,27557455951666,5303708
10,9,27557489558125,3838417
11,10,27557522910625,4355000
12,11,27557556256666,4347958
13,12,27557588907750,2329542
14,13,27557622533875,2575667
15,14,27557655769583,2514500
16,15,27557689114583,2558792
17,16,27557722400875,2503792
18,17,27557755753375,2407167
19,18,27557789051666,3224500
20,19,27557822457208,2528375
21,20,27557855722875,2518000
22,21,27557889187083,2601125
23,22,27557922499916,2583916
24,23,27557955873041,2516333
25,24,27557989259791,2606625
26,25,27558022496375,2496167
27,26,27558055889750,2576709
28,27,27558089265333,2614333
29,28,27558122618541,2511416
30,29,27558155910833,2738792
31,30,27558189217958,3199208
32,31,27558222656875,2687250
33,32,27558255519083,2158625
34,33,27558289371416,2749750
35,34,27558322675375,2738792
36,35,27558356004041,2781583
37,36,27558389397791,2772250
38,37,27558422693583,3364125
39,38,27558456083958,2819000
40,39,27558489451791,2818875
41,40,27558522746291,2766375
42,41,27558555738166,4051041
43,42,27558589353416,2789000
44,43,27558622773416,2933958
45,44,27558656051083,2699000
46,45,27558689528625,2883500
47,46,27558722824875,2945250
48,47,27558756228416,2909291
49,48,27558789130708,4038500
50,49,27558822812500,3185375
51,50,27558856231166,2971666
52,51,27558889602416,2985916
53,52,27558922944500,3007875
54,53,27558956338500,3108000
55,54,27558989198000,4137625
56,55,27559022531500,3043959
57,56,27559056305583,3039625
58,57,27559089677041,3045166
59,58,27559122823375,2821000
60,59,27559156383541,4452875
61,60,27559189392208,3256833
62,61,27559222950583,2951583
63,62,27559256389375,3076625
64,63,27559289324000,4290209
65,64,27559323039791,3498375
66,65,27559356431916,3161083
67,66,27559389781416,3072625
68,67,27559423121708,3186792
69,68,27559456483000,3256084
70,69,27559489475291,4527833
71,70,27559523089708,4734083
72,71,27559556502250,3273000
73,72,27559589838375,3277417
74,73,27559623171666,3299083
75,74,27559656515791,3170916
76,75,27559689928166,3376583
77,76,27559723251875,3333084
78,77,27559756590750,3324417
79,78,27559789941583,3354667
80,79,27559822917333,4557375
81,80,27559856637083,4012833
82,81,27559889911333,3206583
83,82,27559923452541,3512083
84,83,27559956668416,3348250
85,84,27559991878875,6820000
86,85,27560023066000,4403917
87,86,27560056440375,4340917
88,87,27560090125125,5407334
89,88,27560123047750,4507875
90,89,27560156456291,4374750
91,90,27560190030875,5280625
92,91,27560223496833,3605250
93,92,27560256944916,3591666
94,93,27560290145583,3547333
95,94,27560323105333,4751833
96,95,27560356806958,4373583
97,96,27560390204708,4501625
98,97,27560423509500,3566750
99,98,27560456881458,3655125
100,99,27560490154333,3553292
101,100,27560523563125,3722334
102,101,27560556941500,3628292
103,102,27560590294708,3657958
104,103,27560623611458,3702458
105,104,27560656540041,4838458
106,105,27560690240458,4532542
107,106,27560723625791,3704125
108,107,27560757006458,3800208
109,108,27560790310833,3780375
110,109,27560823686000,3753125
111,110,27560857068125,3863292
112,111,27560890359875,3724250
113,112,27560923718666,3905750
114,113,27560956679041,4992958
115,114,27560990346541,4783250
116,115,27561023765833,3871458
117,116,27561057105375,3916792
118,117,27561090477916,4065708
119,118,27561123840666,4003875
120,119,27561157114291,3880250
121,120,27561190423833,4436083
122,121,27561223473708,5420417
123,122,27561257173166,4927416
124,123,27561290586333,4017542
125,124,27561323891625,4023334
126,125,27561357267166,4070166
127,126,27561390200916,5216291
128,127,27561424020666,5245875
129,128,27561456925958,5246583
130,129,27561490659250,4093167
131,130,27561523982750,4037542
132,131,27561557316666,4083916
133,132,27561590655916,4067666
134,133,27561623615875,5246917
135,134,27561657271000,5299250
136,135,27561690730541,4129625
137,136,27561723623458,4695917
138,137,27561757391958,4052708
139,138,27561790823208,4215417
140,139,27561824115041,4212166
141,140,27561857100000,5366959
142,141,27561890764916,6294125
143,142,27561924121041,4216125
144,143,27561957524291,4245500
145,144,27561990804750,4284834
146,145,27562024150000,4306459
147,146,27562057137500,5452667
148,147,27562090850458,6080458
149,148,27562123818458,3893125
150,149,27562157596916,4413375
151,150,27562190542666,4533958
152,151,27562223893541,4031750
153,152,27562257157708,4953083
154,153,27562290938916,4377625
155,154,27562324348250,5507084
156,155,27562357644041,6778916
157,156,27562391014083,5485333
158,157,27562424366375,5394292
159,158,27562457271708,5579458
160,159,27562490914791,5906125
161,160,27562524389333,4513750
162,161,27562557731458,4536000
163,162,27562591097875,4517917
164,163,27562624483625,4576625
165,164,27562657357500,5659500
166,165,27562691059875,6066459
167,166,27562724473000,4551459
168,167,27562757793208,4590667
169,168,27562791207291,4567166
170,169,27562824530083,5446042
171,170,27562857729416,5522125
172,171,27562891260583,5625750
173,172,27562924133291,6709041
174,173,27562957824416,7014958
175,174,27562991221708,5606042
176,175,27563024574875,5633959
177,176,27563057972500,5586042
178,177,27563091333125,5656709
179,178,27563124276333,6665917
180,179,27563157953000,7063375
181,180,27563191310541,5515125
182,181,27563224648708,5567042
183,182,27563258057250,5605584
184,183,27563291347208,6958500
185,184,27563324309625,6658125
186,185,27563358044250,7086792
187,186,27563391112250,5278084
188,187,27563424733791,5545958
189,188,27563458115000,5579500
190,189,27563491423541,5532666
191,190,27563524784000,5629834
192,191,27563558141875,5588292
193,192,27563591408958,5557542
194,193,27563624449625,6728834
195,194,27563658157125,7095250
196,195,27563691351416,5455916
197,196,27563724847416,5612875
198,197,27563758123375,5344834
199,198,27563791571041,5595958
200,199,27563824927125,5672750
201,200,27563857813541,6653833
202,201,27563891583166,7077333
203,202,27563924957291,5453416
204,203,27563958264500,5454292
205,204,27563991645000,5529834
206,205,27564024977791,5565416
207,206,27564058327208,5642917
208,207,27564091330666,6692666
209,208,27564125170541,7220333
210,209,27564158383375,5560667
211,210,27564191738958,6083292
212,211,27564225109000,5661084
213,212,27564258502375,5623375
214,213,27564291813875,5638292
215,214,27564324766208,6737167
216,215,27564358439375,7181584
217,216,27564391794500,5542042
218,217,27564425158750,5664042
219,218,27564458582916,5694375
220,219,27564491832375,5608334
221,220,27564525200666,5638083
222,221,27564558561333,5591792
223,222,27564591916541,5641250
224,223,27564624824125,6694500
225,224,27564658562916,7538666
226,225,27564691903541,5550583
227,226,27564725268625,5547625
228,227,27564758647083,5637125
229,228,27564791979041,5627416
230,229,27564824997000,6764834
231,230,27564858664708,7060042
232,231,27564892059000,5565625
233,232,27564925380708,5580542
234,233,27564958681750,5531000
235,234,27564992033916,5543083
236,235,27565025372500,5529250
237,236,27565058376500,6726209
238,237,27565092186458,7224917
239,238,27565125399750,5500917
240,239,27565158776875,5593417
241,240,27565192141625,6019917
242,241,27565225495666,5545375
243,242,27565258811500,5594250
244,243,27565292173208,5642417
245,244,27565325529541,6001291
246,245,27565358504583,7125083
247,246,27565392114291,7496583
248,247,27565425349541,5776791
249,248,27565458952625,6150500
250,249,27565492304583,6013583
251,250,27565525613625,6110084
252,251,27565559000083,6214000
253,252,27565591885250,7042542
254,253,27565625618041,8047458
255,254,27565658876750,5927375
256,255,27565692331375,6051834
257,256,27565725688791,6039458
258,257,27565759061083,6100958
259,258,27565792305666,5976291
260,259,27565825361458,7059042
261,260,27565859024291,7559666
262,261,27565892468708,6067917
263,262,27565925767250,5977750
264,263,27565959110000,6067167
265,264,27565992451708,6017167
266,265,27566025473666,7150791
267,266,27566059157625,7605334
268,267,27566092505750,5993292
269,268,27566125873000,6014542
270,269,27566159249458,5962000
271,270,27566192531708,6515583
272,271,27566225882291,6830250
273,272,27566259278375,6143875
274,273,27566292651333,6166417
275,274,27566325925541,7450250
276,275,27566359325541,6136958
277,276,27566392665500,6113125
278,277,27566425968416,5941125
279,278,27566458923041,7076916
280,279,27566492666916,7600000
281,280,27566525998625,5962834
282,281,27566559352000,5976167
283,282,27566592733916,6452458
284,283,27566626079083,6508292
285,284,27566659447833,6339292
286,285,27566692755750,6375209
287,286,27566726204791,6506875
288,287,27566759047000,7235959
289,288,27566792774791,8062416
290,289,27566826127166,6389250
291,290,27566859507791,6524250
292,291,27566892902625,6560834
293,292,27566925769375,5921125
294,293,27566959135791,7362000
295,294,27566992773333,8088833
296,295,27567026264875,6605834
297,296,27567059557666,6405208
298,297,27567092936750,6541917
299,298,27567126300458,6389375
300,299,27567159606125,6391959
301,300,27567192535666,7284250
302,301,27567225834125,7685667
303,302,27567259687708,6447375
304,303,27567293057333,6417625
305,304,27567326453625,6509792
306,305,27567359652416,6326958
307,306,27567392973250,6289084
308,307,27567426006916,7337291
309,308,27567459612500,8051667
310,309,27567493056583,6205583
311,310,27567526396333,6509125
312,311,27567559732333,6507792
313,312,27567593113875,6313792
314,313,27567626436541,6539875
315,314,27567659782958,6377208
316,315,27567692718000,7073334
317,316,27567726422333,8001375
318,317,27567759894166,6512458
319,318,27567793258500,6543709
320,319,27567826063750,7440125
321,320,27567859390708,7463958
322,321,27567893252291,8416916
323,322,27567926598250,6398292
324,323,27567959917583,6573667
325,324,27567993275416,6490208
326,325,27568026602750,6588167
327,326,27568060033416,6647458
328,327,27568093266625,6512584
329,328,27568126642958,6396625
330,329,27568159703375,7806875
331,330,27568193280458,8373917
332,331,27568226712208,6501750
333,332,27568260050833,6641500
334,333,27568293387291,6684041
335,334,27568326822750,6704750
336,335,27568360183250,6916834
337,336,27568393042958,7444083
338,337,27568426696666,8215833
339,338,27568460161958,6668958
340,339,27568493470291,6789500
341,340,27568526853250,6788375
342,341,27568560221458,6786208
343,342,27568593518458,6730042
344,343,27568626466625,7583709
345,344,27568660109375,8281250
346,345,27568693548541,6775208
347,346,27568726902041,6976291
348,347,27568760250583,6898667
349,348,27568793517583,6884625
350,349,27568826541875,7610042
351,350,27568860233291,8391125
352,351,27568893616458,6915583
353,352,27568926979416,6847375
354,353,27568960297291,6976750
355,354,27568993659500,6964875
356,355,27569027022791,7021291
357,356,27569059974458,7605958
358,357,27569093735666,8600666
359,358,27569127058041,7030041
360,359,27569160322375,9066417
361,360,27569184988416,780000
362,362,27569260021375,8948125
363,363,27569284965208,1110792
364,364,27569326821208,7436167
365,365,27569360463416,7010625
366,366,27569393825500,7842917
367,367,27569441692583,21637958
368,368,27569464417250,12326917
369,369,27569498673916,12808708
370,370,27569526898083,7711708
371,371,27569560593875,8010750
372,372,27569593639833,7480333
373,373,27569627228416,7666000
374,374,27569660675083,7543042
375,375,27569701689125,14559000
376,376,27569727311250,7157125
377,377,27569760628458,7409000
378,378,27569793997791,7274375
379,379,27569819199125,1691625
380,380,27569860636125,7057917
381,381,27569893644666,7744291
382,382,27569927347875,7680042
383,383,27569960717333,7213792
384,384,27569985251541,648291
385,385,27570027365583,7281083
386,386,27570060733750,8869584
387,387,27570093721666,8883791
388,388,27570118670458,630333
389,389,27570160806375,7232417
390,390,27570185425833,1849083
391,391,27570227430041,8243583
392,392,27570260342916,7747208
393,393,27570293740541,7704250
394,394,27570327501083,7268417
395,395,27570360701083,7304667
396,396,27570394046333,7183708
397,397,27570427539625,7445375
398,398,27570460987125,7419292
399,399,27570494245125,9052084
400,400,27570527614583,7476958
401,401,27570560879541,7614250
402,402,27570594362541,7657250
403,403,27570627291250,7374292
404,404,27570661055416,7603083
405,405,27570694380083,7501250
406,406,27570727723416,7709166
407,407,27570761038166,7583125
408,408,27570794399916,8612041
409,409,27570827702875,7942417
410,410,27570861157625,7847250
411,411,27570894281750,7553667
412,412,27570927802500,7753625
413,413,27570961163916,7851500
414,414,27570994473416,7834500
415,415,27571027770791,7837208
416,416,27571061185625,7840709
417,417,27571094493833,7836208
418,418,27571127829708,7762042
419,419,27571152456666,714833
420,420,27571194488666,8248208
421,421,27571219198041,1028708
422,422,27571261219458,7812625
423,423,27571285743000,1076167
424,424,27571327958875,7821167
425,425,27571361336541,7789166
426,426,27571394568166,8245291
427,427,27571427611291,8508791
428,428,27571452566083,1497667
429,429,27571494796833,9888917
430,430,27571519309083,1275167
431,431,27571561363208,8123667
432,432,27571594579375,7865542
433,433,27571628086166,8161291
434,434,27571661408416,7976583
435,435,27571704451875,18193417
436,436,27571722559958,3981208
437,437,27571761341208,8619667
438,438,27571794906250,7845625
439,439,27571828119000,8216667
440,440,27571852810125,1051167
441,441,27571894778041,8224041
442,442,27571928267125,8194292
443,443,27571965170166,12173541
444,444,27571986203166,1813166
445,445,27572028174000,8110584
446,446,27572061636583,8670292
447,447,27572086132875,1151167
448,448,27572128228875,8103334
449,449,27572152896208,1421500
450,450,27572194566541,8406666
451,451,27572219563041,1198750
452,452,27572261635041,8232333
453,453,27572286262083,1321917
454,454,27572328372750,8180417
455,455,27572353000208,1821167
456,456,27572395012333,8260958
457,457,27572419619750,1664292
458,458,27572461691458,8127333
459,459,27572495018416,8529875
460,460,27572519803000,1709625
461,461,27572561345458,7964000
462,462,27572594979791,8461500
463,463,27572628491291,8407375
464,464,27572661434125,8074000
465,465,27572695217333,8409833
466,466,27572728502875,8566042
467,467,27572753277500,1214834
468,468,27572794965708,8249917
469,469,27572828526750,8475042
470,470,27572861826000,8520334
471,471,27572895328208,8624542
472,472,27572928587125,8670834
473,473,27572953620250,1146917
474,474,27572995330625,8877792
475,475,27573028729625,8742292
476,476,27573061956666,8703666
477,477,27573095372333,8811208
478,478,27573128696666,8754000
479,479,27573162050708,8617375
480,480,27573195373166,9289166
481,481,27573228726750,8836667
482,482,27573262108416,8718166
483,483,27573295397166,8849958
484,484,27573328707750,8529292
485,485,27573362124083,8670417
486,486,27573395476541,8635666
487,487,27573428803875,8655584
488,488,27573453368000,1723584
489,489,27573495475333,8685208
490,490,27573520064916,2012333
491,491,27573561784625,8518042
492,492,27573586874708,2171458
493,493,27573628936666,8957791
494,494,27573661870541,8471625
495,495,27573695614208,8860458
496,496,27573728951291,8911875
497,497,27573762296833,8912750
498,498,27573795624916,8921125
499,499,27573828911791,8993291
500,500,27573862328583,9048917
501,501,27573895695208,9019458
502,502,27573929039541,9043000
503,503,27573962257666,8777375
504,504,27573987041791,2093666
505,505,27574029012250,8926500
506,506,27574062477666,9041666
507,507,27574095717041,9065250
508,508,27574129157375,9247959
509,509,27574162009750,8770459
510,510,27574187099208,2712292
511,511,27574229066666,9114958
512,512,27574262544625,9313875
513,513,27574295609458,8982625
514,514,27574329227041,9345750
515,515,27574362234250,8952750
516,516,27574387147125,2215750
517,517,27574429204333,9133125
518,518,27574462544625,9314917
519,519,27574495812166,9179250
520,520,27574529268250,9386417
521,521,27574562641458,9375958
522,522,27574595969875,9395834
523,523,27574629357750,9434875
524,524,27574653978583,724792
525,525,27574695949875,9278250
526,526,27574721149583,1354917
527,527,27574762647500,9287917
528,528,27574787880333,1358292
529,529,27574821161458,1285042
530,530,27574854430708,1295000
531,531,27574887852375,1296834
532,532,27574929399583,9388875
533,533,27574962828208,9512583
534,534,27574987391625,2758584
535,535,27575021247541,1328416
536,536,27575054536208,1372792
537,537,27575088087000,1438292
538,538,27575121226416,1341666
539,539,27575162846750,9374959
540,540,27575187887833,1985208
541,541,27575221367625,1574167
542,542,27575254657791,1439583
543,543,27575287966458,1352625
544,544,27575320850125,2513834
545,545,27575354643875,1574417
546,546,27575387943333,1425875
547,547,27575421158958,1239375
548,548,27575454659166,1414583
549,549,27575488011500,1536375
550,550,27575520956416,2684000
551,551,27575554888666,1673041
552,552,27575587999000,1431167
553,553,27575621446083,1588583
554,554,27575654773416,1531041
555,555,27575688129958,1571208
556,556,27575721407333,1623208
557,557,27575754365750,2733417
558,558,27575788168625,1627000
559,559,27575821570750,1671000
560,560,27575854809333,1617458
561,561,27575888220958,1522750
562,562,27575921693000,1699792
563,563,27575954896791,1617125
564,564,27575987735583,1228042
565,565,27576021583541,1717666
566,566,27576054931083,1723958
567,567,27576088224166,1706791
568,568,27576121538250,1740250
569,569,27576155034000,1770042
570,570,27576188250208,2351875
571,571,27576221207208,2793167
572,572,27576254905541,1896125
573,573,27576288284500,1701875
574,574,27576321574041,1776250
575,575,27576354983166,1899750
576,576,27576388355583,1892708
577,577,27576421279833,2837167
578,578,27576454660291,2943708
579,579,27576488387875,2668375
580,580,27576521789750,1863209
581,581,27576555031208,1832375
582,582,27576588358291,1796333
583,583,27576621724166,1868666
584,584,27576655040041,1749750
585,585,27576688053000,3056375
586,586,27576721546791,1694791
587,587,27576755161625,1965709
588,588,27576788466958,1901708
589,589,27576821455416,2995625
590,590,27576855140500,2509292
591,591,27576888587708,1995958
592,592,27576921872125,1969167
593,593,27576955260708,2023333
594,594,27576988515541,1912583
595,595,27577021964791,2016166
596,596,27577055203833,1995333
597,597,27577088585458,1904083
598,598,27577121573791,3262500
599,599,27577155290958,2129875
600,600,27577188645375,2629250
601,601,27577221597083,1599042
602,602,27577255359791,2102458
603,603,27577288311500,2966750
604,604,27577321705875,2064917
605,605,27577355413708,2204000
606,606,27577388289750,2940959
607,607,27577422091541,2269541
608,608,27577455460416,2229416
609,609,27577488838583,2312458
610,610,27577522169000,2380917
611,611,27577555504125,2280750
612,612,27577588859291,2252291
613,613,27577621781125,3491250
614,614,27577655504375,2388917
615,615,27577688855458,2184625
616,616,27577722250625,2494917
617,617,27577755606791,2331708
618,618,27577788683666,2178375
619,619,27577821914458,3595208
620,620,27577855612750,2432334
621,621,27577888966583,2399625
622,622,27577922329666,2437958
623,623,27577955590375,2081334
624,624,27577988846458,3399167
625,625,27578022273250,3031667
626,626,27578055240958,3592375
627,627,27578089047791,2697000
628,628,27578122337791,2521041
629,629,27578155747666,2473791
630,630,27578189011666,2968375
631,631,27578222437958,2509917
632,632,27578255801208,2561917
633,633,27578288690875,3652709
634,634,27578322431833,3929750
635,635,27578355769041,2561041
636,636,27578389206916,2676916
637,637,27578422550041,2547750
638,638,27578455915625,2677250
639,639,27578489223166,2660666
640,640,27578522592875,2676709
641,641,27578555922875,2680500
642,642,27578588878500,3857584
643,643,27578622570083,3109292
644,644,27578655941916,2669333
645,645,27578689268708,2704583
646,646,27578722698375,2852625
647,647,27578755955708,2765417
648,648,27578789294500,2842334
649,649,27578822648291,2945000
650,650,27578855646458,3946042
651,651,27578889433250,3474292
652,652,27578922723958,2907833
653,653,27578956042708,2797125
654,654,27578989379875,2767917
655,655,27579022769208,2845917
656,656,27579056103708,2821708
657,657,27579089384208,2769583
658,658,27579122402750,4016209
659,659,27579156090208,3239917
660,660,27579189530625,3494709
661,661,27579222867958,2935708
662,662,27579256208458,2975708
663,663,27579289504250,2860084
664,664,27579322501333,4187708
665,665,27579356222541,3393500
666,666,27579389670708,3107542
667,667,27579422927458,2938125
668,668,27579456326333,3079542
669,669,27579489663083,3108917
670,670,27579522949208,3124750
671,671,27579556290458,3062917
672,672,27579589702291,3145333
673,673,27579622946208,3071250
674,674,27579656362375,3258667
675,675,27579689318708,4262042
676,676,27579723071125,3796125
677,677,27579756378375,3183292
678,678,27579789763458,3257625
679,679,27579823097750,3295792
680,680,27579856434875,3201042
681,681,27579889859750,3369709
682,682,27579922888166,4553458
683,683,27579956387916,4644458
684,684,27579989846083,3246792
685,685,27580023161791,3260166
686,686,27580056506541,3297916
687,687,27580089856208,3237417
688,688,27580123213958,3268250
689,689,27580156540208,3241708
690,690,27580189465875,4907000
691,691,27580223245333,4038708
692,692,27580256623291,3411041
693,693,27580290009875,3411459
694,694,27580323263750,3411917
695,695,27580356695583,3439875
696,696,27580390003750,3427834
697,697,27580422988458,4595167
698,698,27580456799666,4294416
699,699,27580490008041,3541041
700,700,27580523391375,3499709
701,701,27580556712750,3389667
702,702,27580590063333,3543500
703,703,27580623385750,3391542
704,704,27580656369625,4671250
705,705,27580690037666,4363708
706,706,27580723518791,3662583
707,707,27580756750166,3555833
708,708,27580790172250,3574917
709,709,27580823540208,3600875
710,710,27580856834000,3618250
711,711,27580890241666,3721666
712,712,27580923618375,5442542
713,713,27580956556750,4859167
714,714,27580990232958,4660667
715,715,27581023583916,3738125
716,716,27581056957791,3740750
717,717,27581090290791,3748625
718,718,27581123609750,3771750
719,719,27581156955166,3732791
720,720,27581189832958,5444708
721,721,27581223662666,6198791
722,722,27581257035333,3822542
723,723,27581290277625,5064667
724,724,27581323698500,4289875
725,725,27581357048666,3827250
726,726,27581390432000,3910875
727,727,27581423346791,5042291
728,728,27581457096916,5040500
729,729,27581490390791,3874958
730,730,27581523781083,3919500
731,731,27581557146916,3924416
732,732,27581590468666,3966375
733,733,27581623787750,3963750
734,734,27581657122083,3911792
735,735,27581690116750,5092375
736,736,27581723843458,5526083
737,737,27581757241000,3957792
738,738,27581790543500,3989584
739,739,27581823895708,4006458
740,740,27581857249791,4033125
741,741,27581890597708,4020458
742,742,27581923525458,5094125
743,743,27581957279458,5623333
744,744,27581990589750,4100334
745,745,27582024220916,4382458
746,746,27582057372833,4092167
747,747,27582090701625,4127375
748,748,27582124032375,4188125
749,749,27582157404833,4211500
750,750,27582190709375,4778750
751,751,27582223656583,5198708
752,752,27582257430666,5796375
753,753,27582290753250,4205667
754,754,27582324099333,4189167
755,755,27582357522083,4356375
756,756,27582390831458,4303125
757,757,27582423985083,4075042
758,758,27582457037916,5450375
759,759,27582490768666,5682375
760,760,27582524179708,4311167
761,761,27582557627541,4375125
762,762,27582590874875,4362875
763,763,27582624280208,4339000
764,764,27582657572041,4324166
765,765,27582690928500,4359250
766,766,27582723871416,5558458
767,767,27582757598625,5958917
768,768,27582790977625,4425750
769,769,27582824328625,4467417
770,770,27582857630916,4457125
771,771,27582890995375,4516334
772,772,27582923939500,5597292
773,773,27582957786791,6174958
774,774,27582990986000,4499709
775,775,27583024419791,4636625
776,776,27583057739750,4550667
777,777,27583091026583,4600375
778,778,27583124425500,4599417
779,779,27583157377166,5722000
780,780,27583191120458,7090792
781,781,27583224444250,5500750
782,782,27583257849458,5541500
783,783,27583291207708,5600667
784,784,27583324521916,5560000
785,785,27583357506666,6735916
786,786,27583391172625,7077834
787,787,27583424538500,5508834
788,788,27583457900916,5452958
789,789,27583491268375,5580125
790,790,27583524630375,5600250
791,791,27583557916083,5543125
792,792,27583590914916,6750416
793,793,27583624644416,7112208
794,794,27583657978500,5622834
795,795,27583691365291,5622625
796,796,27583724736250,5654459
797,797,27583758017125,5603959
798,798,27583791318208,5542125
799,799,27583824700458,5575208
800,800,27583857663333,6684292
801,801,27583891396291,7030541
802,802,27583924808375,5571250
803,803,27583958146833,5568542
804,804,27583991465750,5495250
805,805,27584024804041,5538166
806,806,27584057776375,6705584
807,807,27584091504750,7126667
808,808,27584124888541,5487083
809,809,27584158188333,5464417
810,810,27584191536708,5404000
811,811,27584224897333,5495042
812,812,27584258216458,5542000
813,813,27584291596041,6928458
814,814,27584324586541,6760666
815,815,27584358203666,7125000
816,816,27584391605958,5560625
817,817,27584424979666,5615791
818,818,27584458308125,5544625
819,819,27584491642666,5560875
820,820,27584524784500,5217042
821,821,27584558333250,5529209
822,822,27584591697083,5431042
823,823,27584625053708,5572333
824,824,27584658399041,5499291
825,825,27584691286166,6499250
826,826,27584725008958,7004292
827,827,27584758474666,5604166
828,828,27584791770458,5473167
829,829,27584825108125,5551334
830,830,27584858475000,5547125
831,831,27584891460666,6739333
832,832,27584925189541,7097541
833,833,27584958512458,5509250
834,834,27584991830666,5562000
835,835,27585025170208,5505250
836,836,27585058630125,5601834
837,837,27585091852375,5489375
838,838,27585124866583,6757000
839,839,27585158532291,7010625
840,840,27585191903916,5926125
841,841,27585225280291,5506833
842,842,27585258631250,5413792
843,843,27585291975708,5564625
844,844,27585325335750,5555750
845,845,27585358602416,5549875
846,846,27585391627875,6713709
847,847,27585425405791,7117083
848,848,27585458773875,7280250
849,849,27585492071958,5496125
850,850,27585525329541,5520208
851,851,27585558737833,5439000
852,852,27585592117583,5516083
853,853,27585625450583,5664750
854,854,27585658405666,6734416
855,855,27585692074750,7028042
856,856,27585725501666,5844041
857,857,27585758866583,6046333
858,858,27585792209041,5939250
859,859,27585825150291,6982458
860,860,27585858824291,7484541
861,861,27585892216083,5930708
862,862,27585925567500,5930584
863,863,27585958957708,6048292
864,864,27585992289000,6045417
865,865,27586025240416,6956625
866,866,27586058512166,7747500
867,867,27586114639791,30603583
868,868,27586125303416,8390041
869,869,27586158527125,8194250
870,870,27586192369291,6190166
871,871,27586225823208,7362542
872,872,27586258882958,5748625
873,873,27586292405875,5620750
874,874,27586329997333,10818542
875,875,27586363292333,11701292
876,876,27586391957458,6431375
877,877,27586425721458,5717750
878,878,27586458960375,5865375
879,879,27586492421541,5931416
880,880,27586525858333,5842833
881,881,27586567023208,13583875
882,882,27586592157750,7743334
883,883,27586625877041,5585541
884,884,27586659193750,6860709
885,885,27586692377208,5500458
886,886,27586725875833,5732250
887,887,27586759179666,7842375
888,888,27586792524125,6059459
889,889,27586825960041,7966916
890,890,27586859264041,7110375
891,891,27586892619958,5773125
892,892,27586925997958,5894208
893,893,27586959155458,7780500
894,894,27586992680083,8251000
895,895,27587026027041,6296291
896,896,27587059410791,6328333
897,897,27587092732083,6376667
898,898,27587125814500,6042875
899,899,27587158983583,8293417
900,900,27587192858000,6611459
901,901,27587225769625,5879834
902,902,27587259218208,6221958
903,903,27587292825625,8011667
904,904,27587325808083,6061417
905,905,27587359511500,6324000
906,906,27587392843708,7100125
907,907,27587426225791,6502583
908,908,27587459510541,6243083
909,909,27587492878958,6360125
910,910,27587526293875,6598834
911,911,27587559416708,6370917
912,912,27587592946041,6593458
913,913,27587626283833,6499958
914,914,27587659523916,6308000
915,915,27587692961916,6274041
916,916,27587726295083,6325083
917,917,27587759636916,6412916
918,918,27587792933375,6420834
919,919,27587826358666,6483250
920,920,27587859679041,6405791
921,921,27587893079750,6412459
922,922,27587926367958,6154000
923,923,27587959759875,6333334
924,924,27587993138541,6206958
925,925,27588026410333,8101458
926,926,27588059774166,6474875
927,927,27588093129750,8206042
928,928,27588126425458,6377958
929,929,27588159892041,8224625
930,930,27588193080583,6834292
931,931,27588226469625,6409459
932,932,27588259823166,6475666
933,933,27588293209416,6318166
934,934,27588326537583,6500125
935,935,27588359817791,6325875
936,936,27588393240166,6485708
937,937,27588426601750,6462042
938,938,27588460043416,6648625
939,939,27588492914333,7742917
940,940,27588526566958,8167083
941,941,27588559965666,6568583
942,942,27588593284208,6571458
943,943,27588626654166,6695375
944,944,27588660094416,6597375
945,945,27588692973250,7607959
946,946,27588726460333,7974250
947,947,27588759797625,7682667
948,948,27588796829625,11409292
949,949,27588827066458,8468417
950,950,27588860482333,8689125
951,951,27588893940958,8482125
952,952,27588927257750,8391792
953,953,27588960608666,8468291
954,954,27588993923041,8440416
955,955,27589027305708,8598458
956,956,27589060325791,8282458
957,957,27589085606250,1641000
958,958,27589127259416,8350583
959,959,27589160447333,8178792
960,960,27589193876666,8701916
961,961,27589227253958,8488208
962,962,27589260021000,7872042
963,963,27589293271708,7789000
964,964,27589326474875,7918542
965,965,27589360289791,8455000
966,966,27589393688708,7011375
967,967,27589426922166,6740750
968,968,27589460360458,6863208
969,969,27589493675291,6917916
970,970,27589527040833,7093292
971,971,27589560403250,7082875
972,972,27589593723166,6882041
973,973,27589626986958,7061250
974,974,27589660042791,7710541
975,975,27589693739250,8585834
976,976,27589727131625,6889000
977,977,27589760924791,9308416
978,978,27589794009291,8766541
979,979,27589819289041,2207666
980,980,27589860663916,8452833
981,981,27589894251333,8656333
982,982,27589927610083,8802542
983,983,27589960960625,8751167
984,984,27589994336708,8863875
985,985,27590027683875,8906125
986,986,27590060751291,8663833
987,987,27590094347833,9329833
988,988,27590126845125,8137792
989,989,27590160341416,8163666
990,990,27590193599708,8631250
991,991,27590227301916,7232166
992,992,27590260694666,7347708
993,993,27590294000375,7371875
994,994,27590326981666,6971750
995,995,27590360719166,7393083
996,996,27590394118583,7285292
997,997,27590430051958,9952542
998,998,27590451948333,726958
999,999,27590493814708,8418208
1000,1000,27590527064333,8301125
1001,1001,27590560517500,8786625
1002,1002,27590593889916,8500583
1003,1003,27590627469083,7473292
1004,1004,27590660853916,7397708
1005,1005,27590693768458,8240667
1006,1006,27590727199416,8833666
1007,1007,27590760421500,8333959
1008,1008,27590793982541,8621000
1009,1009,27590827162583,8491125
1010,1010,27590860919833,7585250
1011,1011,27590894273333,7604833
1012,1012,27590927609875,7456167
1013,1013,27590960876041,7566708
1014,1014,27590994237333,7669208
1015,1015,27591027654083,7676375
1016,1016,27591061009541,7629333
1017,1017,27591094022166,8699833
1018,1018,27591118995750,1446542
1019,1019,27591160967208,7520917
1020,1020,27591194366166,7961916
1021,1021,27591227755750,7883209
1022,1022,27591260644541,7918166
1023,1023,27591294200333,9115458
1024,1024,27591319113625,800959
1025,1025,27591361048458,7713458
1026,1026,27591394483541,7880000
1027,1027,27591427446000,8575542
1028,1028,27591461240791,8810208
1029,1029,27591494497583,7812333
1030,1030,27591527920791,7997416
1031,1031,27591560793333,8093292
1032,1032,27591585807333,1279958
1033,1033,27591627880708,7767792
1034,1034,27591660931958,7977458
1035,1035,27591694593416,7951250
1036,1036,27591727965375,7862542
1037,1037,27591760906291,8138250
1038,1038,27591785854916,1895125
1039,1039,27591827964750,8076792
1040,1040,27591861020208,8448833
1041,1041,27591894727333,8023750
1042,1042,27591927989458,8043417
1043,1043,27591961324166,8066833
1044,1044,27591994699333,8049667
1045,1045,27592027974791,8042000
1046,1046,27592061413500,8091042
1047,1047,27592094715750,8135792
1048,1048,27592127705041,8242958
1049,1049,27592152736083,1767208
1050,1050,27592194465250,8200375
1051,1051,27592227800208,7883958
1052,1052,27592261550291,8290208
1053,1053,27592294820333,8164083
1054,1054,27592328255416,8091375
1055,1055,27592361120000,8385667
1056,1056,27592386095041,1214791
1057,1057,27592428177500,8259917
1058,1058,27592461634500,8242750
1059,1059,27592494906416,8429791
1060,1060,27592528321083,8494250
1061,1061,27592561175416,8578666
1062,1062,27592586250041,1450583
1063,1063,27592628270416,8312291
1064,1064,27592661592458,8107750
1065,1065,27592694993416,8264375
1066,1066,27592728400958,8497583
1067,1067,27592761608166,8217000
1068,1068,27592795028166,8349166
1069,1069,27592828039375,8629167
1070,1070,27592853028666,1553333
1071,1071,27592895001000,8382834
1072,1072,27592928417125,8520334
1073,1073,27592961795333,8498167
1074,1074,27592994737125,8643042
1075,1075,27593019669791,1742125
1076,1076,27593061865208,8553667
1077,1077,27593095187041,8820708
1078,1078,27593128469375,8466417
1079,1079,27593161861250,8584792
1080,1080,27593195222416,9105500
1081,1081,27593228586208,8507000
1082,1082,27593261884708,8545000
1083,1083,27593295215500,8630125
1084,1084,27593328607833,8737917
1085,1085,27593361469333,8685000
1086,1086,27593386510666,1832875
1087,1087,27593420161208,2364708
1088,1088,27593453172208,2121292
1089,1089,27593503894958,18699833
1090,1090,27593519863000,1983417
1091,1091,27593553231458,1896542
1092,1092,27593595490916,8981666
1093,1093,27593620041291,2062083
1094,1094,27593661860541,8351166
1095,1095,27593697532583,12214625
1096,1096,27593724265708,6286708
1097,1097,27593758351375,5984709
1098,1098,27593795348958,8619500
1099,1099,27593828758416,8747750
1100,1100,27593853669166,1125833
1101,1101,27593895545708,8518000
1102,1102,27593928757041,8626791
1103,1103,27593967235625,13751500
1104,1104,27593987133458,2096250
1105,1105,27594028855333,8777833
1106,1106,27594053827916,1622166
1107,1107,27594095329416,8586000
1108,1108,27594120126541,1719000
1109,1109,27594162264791,8825000
1110,1110,27594186817916,1633291
1111,1111,27594228981041,8906583
1112,1112,27594253559666,1812666
1113,1113,27594295597666,9024583
1114,1114,27594320259125,1801167
1115,1115,27594362081208,8688542
1116,1116,27594386905166,2381333
1117,1117,27594429019583,8814500
1118,1118,27594462344875,9290000
1119,1119,27594495669500,9246375
1120,1120,27594528625541,8906291
1121,1121,27594553554000,2322834
1122,1122,27594595773083,9278333
1123,1123,27594629138583,8985625
1124,1124,27594662514333,9146625
1125,1125,27594687089958,1731208
1126,1126,27594729224458,9315250
1127,1127,27594762576208,9378500
1128,1128,27594787256333,2257458
1129,1129,27594829261583,9422750
1130,1130,27594862548333,9263125
1131,1131,27594895948750,9446417
1132,1132,27594929247500,9346834
1133,1133,27594962628000,9310459
1134,1134,27594995904500,9386250
1135,1135,27595021287125,1600084
1136,1136,27595062548000,9291834
1137,1137,27595095900791,9347000
1138,1138,27595121328666,1531166
1139,1139,27595162788583,9366583
1140,1140,27595187741333,1801583
1141,1141,27595229391500,9281042
1142,1142,27595262656500,9406459
1143,1143,27595287730083,1379208
1144,1144,27595329305875,9226875
1145,1145,27595353901041,2071500
1146,1146,27595388063708,1424583
1147,1147,27595421325083,1477708
1148,1148,27595462545541,9146041
1149,1149,27595487356708,2277750
1150,1150,27595521432041,1571000
1151,1151,27595554654458,1434458
1152,1152,27595587965041,1424583
1153,1153,27595621230791,1399083
1154,1154,27595654673000,1472042
1155,1155,27595687457208,2432292
1156,1156,27595721303125,1440875
1157,1157,27595754873166,1641916
1158,1158,27595787532083,2636167
1159,1159,27595821311250,1538542
1160,1160,27595854772041,1577500
1161,1161,27595888035875,1572584
1162,1162,27595921367166,1592708
1163,1163,27595954847958,1681667
1164,1164,27595987612916,1192458
1165,1165,27596021448166,1652083
1166,1166,27596054819125,1710209
1167,1167,27596088100625,1591500
1168,1168,27596121499333,1708042
1169,1169,27596154797041,1653791
1170,1170,27596188172000,2178750
1171,1171,27596220976250,2605084
1172,1172,27596254744541,2773833
1173,1173,27596288111458,1670208
1174,1174,27596321462458,1694292
1175,1175,27596354807583,1721208
1176,1176,27596388277416,1793250
1177,1177,27596421126416,2854916
1178,1178,27596454838291,1727291
1179,1179,27596488158041,1703541
1180,1180,27596521548666,1707875
1181,1181,27596554953000,1767625
1182,1182,27596588268166,1892375
1183,1183,27596621541125,1813084
1184,1184,27596654546083,2886542
1185,1185,27596688395875,1878917
1186,1186,27596721375208,1543750
1187,1187,27596755168375,2041084
1188,1188,27596788328541,1922666
1189,1189,27596821545125,1672875
1190,1190,27596854961000,1840667
1191,1191,27596888154375,3175709
1192,1192,27596921689708,1926708
1193,1193,27596955035875,1811500
1194,1194,27596988363791,1941375
1195,1195,27597021798333,1872833
1196,1196,27597055096041,1852541
1197,1197,27597088353000,1809125
1198,1198,27597121402375,3146292
1199,1199,27597155122458,2009000
1200,1200,27597188551083,2625458
1201,1201,27597221813833,1971292
1202,1202,27597255248833,2155708
1203,1203,27597288552541,2042291
1204,1204,27597321477875,3191417
1205,1205,27597355220750,2081167
1206,1206,27597388588666,2034291
1207,1207,27597421957208,2171792
1208,1208,27597455331333,2210792
1209,1209,27597488642875,2082209
1210,1210,27597521961666,2142125
1211,1211,27597554918875,3292584
1212,1212,27597588626041,2210208
1213,1213,27597622035625,2320500
1214,1214,27597655353625,2211084
1215,1215,27597688706541,2249708
1216,1216,27597722076041,2306125
1217,1217,27597755398666,3372250
1218,1218,27597788267750,3237375
1219,1219,27597822063958,2333250
1220,1220,27597855416375,2276209
1221,1221,27597888690500,2557625
1222,1222,27597922113291,2241500
1223,1223,27597955532666,2372625
1224,1224,27597988868083,2280583
1225,1225,27598021818750,3492167
1226,1226,27598055498583,2372667
1227,1227,27598088929083,2391833
1228,1228,27598121880458,3450833
1229,1229,27598155555125,2524834
1230,1230,27598188826791,2823166
1231,1231,27598222310750,2428334
1232,1232,27598255643041,2483666
1233,1233,27598288571000,3512500
1234,1234,27598322264958,3317792
1235,1235,27598355659458,2493833
1236,1236,27598389075708,2496958
1237,1237,27598422321666,2614958
1238,1238,27598455665916,2496375
1239,1239,27598488623458,3554333
1240,1240,27598522359208,2669417
1241,1241,27598555659875,3680292
1242,1242,27598589112458,2707917
1243,1243,27598622428375,3113917
1244,1244,27598655868000,2674542
1245,1245,27598688802875,3190000
1246,1246,27598722499625,2673125
1247,1247,27598755747750,2605834
1248,1248,27598789119916,2749791
1249,1249,27598822480000,2672042
1250,1250,27598855463875,3801875
1251,1251,27598889160041,2671416
1252,1252,27598922568083,2738625
1253,1253,27598955878250,2651792
1254,1254,27598989269083,2738417
1255,1255,27599022575750,2746250
1256,1256,27599055932375,2695667
1257,1257,27599088933125,3948792
1258,1258,27599122651833,3009792
1259,1259,27599155976875,2790750
1260,1260,27599189351541,3349458
1261,1261,27599222649875,2729250
1262,1262,27599255932416,3137750
1263,1263,27599289340833,2824458
1264,1264,27599322330833,3915750
1265,1265,27599356036500,3182042
1266,1266,27599389402125,2885250
1267,1267,27599422772750,3035417
1268,1268,27599456089125,2874542
1269,1269,27599489470041,3006875
1270,1270,27599522764375,2860584
1271,1271,27599556153125,3019625
1272,1272,27599589551666,3088791
1273,1273,27599622828125,3365959
1274,1274,27599656245708,3052667
1275,1275,27599689485791,2988041
1276,1276,27599722392458,4094500
1277,1277,27599756241166,3699458
1278,1278,27599789535250,3032334
1279,1279,27599822941625,3140584
1280,1280,27599856229750,2819792
1281,1281,27599889587708,3057125
1282,1282,27599922979375,3059750
1283,1283,27599956350666,3131125
1284,1284,27599989252875,4229750
1285,1285,27600022906875,3559250
1286,1286,27600056351958,3197708
1287,1287,27600089701458,3141292
1288,1288,27600123031125,3190334
1289,1289,27600156361250,3168209
1290,1290,27600189275083,4868833
1291,1291,27600222912291,3660958
1292,1292,27600256477250,3327375
1293,1293,27600289826166,3285166
1294,1294,27600323043000,3158834
1295,1295,27600356456583,3252833
1296,1296,27600389801375,3273584
1297,1297,27600422730958,4379250
1298,1298,27600456461500,4014459
1299,1299,27600489783083,3237542
1300,1300,27600523217583,3330042
1301,1301,27600556549791,3234250
1302,1302,27600589900166,3327375
1303,1303,27600623212541,3317291
1304,1304,27600656594458,3370000
1305,1305,27600689534333,4455125
1306,1306,27600723268875,3488709
1307,1307,27600756635875,3450209
1308,1308,27600789961166,3389375
1309,1309,27600823262208,3385167
1310,1310,27600856749500,3571334
1311,1311,27600889954250,3454292
1312,1312,27600923327750,3556167
1313,1313,27600956668708,3524542
1314,1314,27600989658375,4654209
1315,1315,27601023351583,4368833
1316,1316,27601056727250,3594167
1317,1317,27601090088625,3615334
1318,1318,27601123447958,3555583
1319,1319,27601156810583,3638875
1320,1320,27601189716000,5353750
1321,1321,27601223398708,4452333
1322,1322,27601256700541,3735791
1323,1323,27601290196208,3745833
1324,1324,27601323515000,3718542
1325,1325,27601356831083,3722917
1326,1326,27601390211375,3572792
1327,1327,27601423135416,4785208
1328,1328,27601456839958,4567875
1329,1329,27601490157833,3692208
1330,1330,27601523597333,3780958
1331,1331,27601556959000,3876959
1332,1332,27601590274833,3768500
1333,1333,27601623637708,3761750
1334,1334,27601656519458,4950333
1335,1335,27601690301125,5354084
1336,1336,27601723671875,5024917
1337,1337,27601757016666,3860000
1338,1338,27601790368041,3873666
1339,1339,27601823719541,3917750
1340,1340,27601857112625,3987417
1341,1341,27601890050833,5284625
1342,1342,27601923325416,3560041
1343,1343,27601956640250,5091125
1344,1344,27601990457583,4928500
1345,1345,27602023791500,3946667
1346,1346,27602057142333,3957917
1347,1347,27602090506125,3949834
1348,1348,27602123406291,5135541
1349,1349,27602157118375,5064209
1350,1350,27602190554125,4568417
1351,1351,27602223457291,3510458
1352,1352,27602257225583,3961417
1353,1353,27602290578416,4040500
1354,1354,27602323564250,5280875
1355,1355,27602357242416,5202041
1356,1356,27602390408500,3973750
1357,1357,27602423907875,4111334
1358,1358,27602457315708,4123125
1359,1359,27602490593583,4057208
1360,1360,27602524012125,4209000
1361,1361,27602557353875,4200125
1362,1362,27602590691916,4174791
1363,1363,27602623595583,5310542
1364,1364,27602657359833,5634417
1365,1365,27602690734125,4147834
1366,1366,27602724004541,4124375
1367,1367,27602757334500,4133375
1368,1368,27602790697666,4079000
1369,1369,27602824174291,4304458
1370,1370,27602857020750,5375959
1371,1371,27602890741625,5793250
1372,1372,27602924172291,4259958
1373,1373,27602957550833,4373250
1374,1374,27602990828416,4437041
1375,1375,27603024192583,4324667
1376,1376,27603057156208,5561542
1377,1377,27603090880125,6094459
1378,1378,27603124166166,4378416
1379,1379,27603157590666,4425875
1380,1380,27603190963125,5540542
1381,1381,27603224296458,4414375
1382,1382,27603258254625,6009292
1383,1383,27603290975125,4441459
1384,1384,27603324373791,5382666
1385,1385,27603357670916,4455833
1386,1386,27603390618291,5618125
1387,1387,27603424298125,6015709
1388,1388,27603457770416,4593500
1389,1389,27603491059250,4499167
1390,1390,27603524545333,4712167
1391,1391,27603557723666,4438083
1392,1392,27603590998333,4521083
1393,1393,27603623998916,6658458
1394,1394,27603657730791,6983208
1395,1395,27603691141875,5508917
1396,1396,27603724436708,5519958
1397,1397,27603757889583,5607958
1398,1398,27603791132833,5270125
1399,1399,27603824571750,5556834
1400,1400,27603857877083,5571583
1401,1401,27603891133583,5577583
1402,1402,27603924126250,6671875
1403,1403,27603957976333,7189583
1404,1404,27603991196666,5497458
1405,1405,27604024614625,5540292
1406,1406,27604057970500,5467167
1407,1407,27604091283708,5596625
1408,1408,27604124226833,6702292
1409,1409,27604157988583,7063625
1410,1410,27604191410750,5617167
1411,1411,27604224503625,5252750
1412,1412,27604258016875,5579709
1413,1413,27604291382291,5625541
1414,1414,27604324754958,5588208
1415,1415,27604358116916,5677083
1416,1416,27604391042791,6732500
1417,1417,27604424711166,7060875
1418,1418,27604458139791,5688458
1419,1419,27604491480041,5659833
1420,1420,27604524838291,5700958
1421,1421,27604558194666,5624875
1422,1422,27604591544291,5691375
1423,1423,27604624528125,6769584
1424,1424,27604658189583,7110917
1425,1425,27604691591541,5664208
1426,1426,27604724870083,5600250
1427,1427,27604758232291,5648166
1428,1428,27604791327833,5187000
1429,1429,27604824928000,5534042
1430,1430,27604857913291,6776583
1431,1431,27604891600375,7018875
1432,1432,27604924990625,5469334
1433,1433,27604958399500,5723459
1434,1434,27604991676208,5605542
1435,1435,27605025016541,5573208
1436,1436,27605058333541,5586208
1437,1437,27605091364416,6758791
1438,1438,27605125011125,7044375
1439,1439,27605158451791,5705750
1440,1440,27605191761041,6013875
1441,1441,27605225151375,5726875
1442,1442,27605258371583,5568292
1443,1443,27605291828750,6938625
1444,1444,27605324977666,5303750
1445,1445,27605358069791,6698750
1446,1446,27605391837541,5542750
1447,1447,27605425187916,5689041
1448,1448,27605458527041,5673000
1449,1449,27605491529791,6782250
1450,1450,27605525150916,6998875
1451,1451,27605558582166,5624291
1452,1452,27605591877583,5528000
1453,1453,27605625267750,5771625
1454,1454,27605658633000,5572625
1455,1455,27605691968541,5607083
1456,1456,27605724900750,6731875
1457,1457,27605758607125,7028125
1458,1458,27605792051875,5507375
1459,1459,27605825321916,5468375
1460,1460,27605858249875,6293667
1461,1461,27605892099916,5648625
1462,1462,27605925502791,5766958
1463,1463,27605958376291,6764083
1464,1464,27605992047166,7075791
1465,1465,27606025438041,5590166
1466,1466,27606058771166,5625916
1467,1467,27606092158125,6118500
1468,1468,27606125471000,6070667
1469,1469,27606158814875,5989959
1470,1470,27606192218875,6441375
1471,1471,27606225175958,7139042
1472,1472,27606258866958,7606375
1473,1473,27606292255083,6036833
1474,1474,27606325544791,6013208
1475,1475,27606358904291,5970333
1476,1476,27606392242458,6096042
1477,1477,27606425592125,6124334
1478,1478,27606458953750,6257500
1479,1479,27606492307791,6156291
1480,1480,27606525243208,7037458
1481,1481,27606558942416,7534500
1482,1482,27606592377583,6107625
1483,1483,27606625669583,6000083
1484,1484,27606659074833,6056125
1485,1485,27606692409666,6025250
1486,1486,27606725312250,7095834
1487,1487,27606759052875,7561292
1488,1488,27606792324208,5968750
1489,1489,27606825801291,6125750
1490,1490,27606859122583,6119500
1491,1491,27606892452416,6103458
1492,1492,27606925374000,6879084
1493,1493,27606959079208,7479875
1494,1494,27606992233041,5818000
1495,1495,27607025871458,6094708
1496,1496,27607059230416,6121791
1497,1497,27607092534291,6021708
1498,1498,27607125877958,6086167
1499,1499,27607159238750,5907667
1500,1500,27607192166291,7237500
1501,1501,27607225511250,7104834
1502,1502,27607259315708,6134042
1503,1503,27607292672541,6000916
1504,1504,27607325961166,6072750
1505,1505,27607359368875,6506375
1506,1506,27607392648875,6284625
1507,1507,27607426005750,6429542
1508,1508,27607459351125,6474334
1509,1509,27607492305500,7332709
1510,1510,27607525997791,8135666
1511,1511,27607559388541,6479541
1512,1512,27607592804625,6400209
1513,1513,27607626054708,6516125
1514,1514,27607659440416,6457541
1515,1515,27607692774333,6395458
1516,1516,27607726104916,6525916
1517,1517,27607759054041,7308041
1518,1518,27607792851041,8116541
1519,1519,27607826161000,6597125
1520,1520,27607859501458,6474167
1521,1521,27607892847250,6409875
1522,1522,27607926201666,6455583
1523,1523,27607959636583,6218167
1524,1524,27607992456458,7354333
1525,1525,27608026246333,8133917
1526,1526,27608059598250,6307209
1527,1527,27608092951875,6484709
1528,1528,27608126346166,6460250
1529,1529,27608159612833,6404708
1530,1530,27608192890041,6339541
1531,1531,27608226341875,6476625
1532,1532,27608259320750,7334750
1533,1533,27608293036625,8111667
1534,1534,27608326393416,6415125
1535,1535,27608359723291,6475708
1536,1536,27608393042250,6476125
1537,1537,27608426408583,6226833
1538,1538,27608459795166,6436000
1539,1539,27608492701000,7315584
1540,1540,27608526409208,8121375
1541,1541,27608559812916,6353833
1542,1542,27608593173791,6514916
1543,1543,27608626480416,6543375
1544,1544,27608659916041,6453958
1545,1545,27608693205125,6471584
1546,1546,27608726134958,7407292
1547,1547,27608759813083,8098000
1548,1548,27608793239583,6630708
1549,1549,27608826550333,6381292
1550,1550,27608859908750,6540500
1551,1551,27608893295666,6639958
1552,1552,27608926603166,6569625
1553,1553,27608959969166,6686416
1554,1554,27608992964166,7371958
1555,1555,27609026602416,8204916
1556,1556,27609059992333,6668667
1557,1557,27609093395708,6598042
1558,1558,27609126687208,6665167
1559,1559,27609160000000,6647875
1560,1560,27609192906208,7590750
1561,1561,27609226665166,8213250
1562,1562,27609259978041,6681125
1563,1563,27609293434708,6702083
1564,1564,27609326789375,6772667
1565,1565,27609360131375,6954042
1566,1566,27609393464416,6879791
1567,1567,27609426873458,6895583
1568,1568,27609459781541,7510458
1569,1569,27609493481291,8375875
1570,1570,27609526844250,6795375
1571,1571,27609560213250,6899917
1572,1572,27609593526750,6904667
1573,1573,27609626907375,7071834
1574,1574,27609660293708,7095208
1575,1575,27609693211250,7612709
1576,1576,27609726992083,8545750
1577,1577,27609760306750,6945792
1578,1578,27609793669041,6977583
1579,1579,27609826968625,6988625
1580,1580,27609860331416,7055708
1581,1581,27609893713083,6961667
1582,1582,27609926610750,7474709
1583,1583,27609960300000,8588750
1584,1584,27609993711208,6884167
1585,1585,27610027048583,7014542
1586,1586,27610060419666,7089500
1587,1587,27610093784250,7168167
1588,1588,27610126723083,7719208
1589,1589,27610160438458,8656250
1590,1590,27610193725750,7403750
1591,1591,27610227122750,7201209
1592,1592,27610260551458,7236000
1593,1593,27610293802291,7926333
1594,1594,27610327168791,7212333
1595,1595,27610360145083,7802458
1596,1596,27610393795791,8713958
1597,1597,27610427001291,8933541
1598,1598,27610460337500,8436709
1599,1599,27610493707083,8951250
1600,1600,27610526961083,8603625
1601,1601,27610560322208,8215083
1602,1602,27610593989708,8634167
1603,1603,27610627323250,7304167
1604,1604,27610660697708,7352583
1605,1605,27610693958708,7325875
1606,1606,27610727364625,7393875
1607,1607,27610760706291,7378083
1608,1608,27610793973666,7307333
1609,1609,27610827156875,8042959
1610,1610,27610860683625,8973125
1611,1611,27610894074250,7382375
1612,1612,27610927431500,7443875
1613,1613,27610960772583,7484000
1614,1614,27610994104875,7345167
1615,1615,27611027081125,7821084
1616,1616,27611060747083,8957958
1617,1617,27611094184083,7406875
1618,1618,27611127476916,7589333
1619,1619,27611160819083,7592417
1620,1620,27611194183166,8125708
1621,1621,27611227584125,7582084
1622,1622,27611260901708,7541500
1623,1623,27611293870666,7947125
1624,1624,27611318880666,1304833
1625,1625,27611360845875,7575042
1626,1626,27611394223875,7659834
1627,1627,27611427242500,8270125
1628,1628,27611460573916,8826708
1629,1629,27611485562208,1152125
1630,1630,27611518854458,511917
1631,1631,27611561004416,7705416
1632,1632,27611594379458,7881792
1633,1633,27611627740375,7779084
1634,1634,27611661087500,7743709
1635,1635,27611694447000,7780917
1636,1636,27611727783416,8025708
1637,1637,27611760993708,7713500
1638,1638,27611794355791,7688458
1639,1639,27611827682166,7799833
1640,1640,27611861034416,7821083
1641,1641,27611894428208,7982208
1642,1642,27611927766833,7872333
1643,1643,27611961093583,7994083
1644,1644,27611994447166,7946250
1645,1645,27612027757916,7915541
1646,1646,27612060835833,7706542
1647,1647,27612094170166,8128250
1648,1648,27612119102875,968584
1649,1649,27612161114416,7946208
1650,1650,27612194326333,8096542
1651,1651,27612219112583,1394667
1652,1652,27612261287958,8117417
1653,1653,27612294624041,8081791
1654,1654,27612328057458,8078500
1655,1655,27612361324958,8189750
1656,1656,27612394705208,8184083
1657,1657,27612428029208,8250583
1658,1658,27612461054250,8894209
1659,1659,27612485995208,1379542
1660,1660,27612527895125,7903084
1661,1661,27612561518375,8245084
1662,1662,27612594820875,8166667
1663,1663,27612628293833,8487667
1664,1664,27612661492666,8172875
1665,1665,27612686087875,1578250
1666,1666,27612728089833,8392125
1667,1667,27612761178041,7840916
1668,1668,27612794874416,8330375
1669,1669,27612828210291,8305041
1670,1670,27612861511625,8352417
1671,1671,27612894943458,8515083
1672,1672,27612928275041,8267291
1673,1673,27612962050250,8955417
1674,1674,27612995006791,8206416
1675,1675,27613028305750,8375417
1676,1676,27613061652583,8473833
1677,1677,27613095018333,8430167
1678,1678,27613128388333,8525292
1679,1679,27613161803833,8544917
1680,1680,27613194566333,8812083
1681,1681,27613219570583,1495292
1682,1682,27613261718000,8285000
1683,1683,27613295126916,8586833
1684,1684,27613328366166,8395666
1685,1685,27613361784583,8388250
1686,1686,27613395109166,8486541
1687,1687,27613428442041,8546333
1688,1688,27613461768416,8505916
1689,1689,27613495115541,8556250
1690,1690,27613528512458,8572875
1691,1691,27613561828583,8495292
1692,1692,27613594741708,8604708
1693,1693,27613619816250,1715209
1694,1694,27613661835125,8502834
1695,1695,27613695225416,8564708
1696,1696,27613728593458,8788958
1697,1697,27613761916333,8626792
1698,1698,27613795257750,8632625
1699,1699,27613828206541,8651375
1700,1700,27613853242666,1898500
1701,1701,27613895263000,8675292
1702,1702,27613928679291,8692750
1703,1703,27613962024583,8748667
1704,1704,27613995341666,8580708
1705,1705,27614028258791,8641125
1706,1706,27614053327041,2058250
1707,1707,27614095334833,8771917
1708,1708,27614128779041,8686500
1709,1709,27614162052583,8772125
1710,1710,27614187433875,1515292
1711,1711,27614228668833,8786667
1712,1712,27614261680291,8656708
1713,1713,27614286766333,2161708
1714,1714,27614328782625,8945167
1715,1715,27614362033791,8767458
1716,1716,27614395508208,8955625
1717,1717,27614428888083,9046417
1718,1718,27614461752250,8776167
1719,1719,27614486841458,2267667
1720,1720,27614528868333,8905667
1721,1721,27614562268500,9040584
1722,1722,27614595623250,9055750
1723,1723,27614628969875,9072584
1724,1724,27614662318041,9071958
1725,1725,27614686984833,797542
1726,1726,27614728969208,8989792
1727,1727,27614762340875,9089667
1728,1728,27614795627208,9096000
1729,1729,27614829031291,9229041
1730,1730,27614862409291,9184166
1731,1731,27614895737083,9089542
1732,1732,27614929036000,9119792
1733,1733,27614961979416,8867000
1734,1734,27614986997458,2411042
1735,1735,27615029071916,9228875
1736,1736,27615062474708,9323083
1737,1737,27615095828833,9287250
1738,1738,27615129157916,9234833
1739,1739,27615153782125,1746750
1740,1740,27615187642708,1647500
1741,1741,27615229040958,9229750
1742,1742,27615262555791,9419291
1743,1743,27615295863541,9353041
1744,1744,27615329244416,9426041
1745,1745,27615362561333,9447083
1746,1746,27615395963791,9530458
1747,1747,27615420560916,742708
1748,1748,27615462557875,9299042
1749,1749,27615487883875,1429292
1750,1750,27615529295875,9319167
1751,1751,27615562573666,9322666
1752,1752,27615587855791,1372458
1753,1753,27615620646833,2409333
1754,1754,27615654451958,1318292
1755,1755,27615687780958,1305333
1756,1756,27615721080958,1336125
1757,1757,27615754571875,1509667
1758,1758,27615787851083,1478083
1759,1759,27615820690666,2446208
1760,1760,27615854546541,1367875
1761,1761,27615888002375,1482417
1762,1762,27615921149833,1260375
1763,1763,27615954603041,1501208
1764,1764,27615987942250,1494959
1765,1765,27616029483833,9494208
1766,1766,27616054120291,995958
1767,1767,27616088001666,1570791
1768,1768,27616121306833,1443917
1769,1769,27616154579708,1434417
1770,1770,27616187869125,2399334
1771,1771,27616221282958,1580042
1772,1772,27616254610500,1470042
1773,1773,27616287508750,2592209
1774,1774,27616321279166,2450416
1775,1775,27616354737500,1598375
1776,1776,27616387923708,1497375
1777,1777,27616421545291,1777833
1778,1778,27616454711375,1659709
1779,1779,27616488080666,1665375
1780,1780,27616521458333,1583625
1781,1781,27616554335208,2759375
1782,1782,27616588187458,1701375
1783,1783,27616621488041,1729500
1784,1784,27616654876625,1843542
1785,1785,27616688101250,1606459
1786,1786,27616721478125,1661167
1787,1787,27616754724416,1478000
1788,1788,27616787701750,2737917
1789,1789,27616821511791,1687291
1790,1790,27616855016791,1920375
1791,1791,27616888226416,1788250
1792,1792,27616921372333,1572750
1793,1793,27616954890250,1765250
1794,1794,27616988259166,1772000
1795,1795,27617021225375,2818834
1796,1796,27617054980500,1843542
1797,1797,27617088300833,1808375
1798,1798,27617121562041,1758333
1799,1799,27617155000333,1895583
